<?xml version="1.0" encoding="UTF-8"?>
<metadata xml:lang="en"><Esri><CreaDate>20150815</CreaDate><CreaTime>14435000</CreaTime><ArcGISFormat>1.0</ArcGISFormat><ArcGISstyle>FGDC CSDGM Metadata</ArcGISstyle><SyncOnce>TRUE</SyncOnce><ModDate>20151210</ModDate><ModTime>113053</ModTime></Esri><dataIdInfo><idCitation><resTitle>3. Remove a Time Step</resTitle></idCitation></dataIdInfo><distInfo><distributor><distorFormat><formatName>ArcToolbox Tool</formatName></distorFormat></distributor></distInfo><tool name="RemoveTimeStep" displayname="3. Remove a Time Step" toolboxalias=""><parameters><param name="UPGDB" displayname="UPlan geodatabase" type="Required" direction="Input" datatype="Workspace" expression="UPGDB"/><param name="TSShortName" displayname="Time Step Short Name" type="Required" direction="Input" datatype="String" expression="Select a UPlan Geodatabase to get a list of time steps"/></parameters></tool></metadata>
