<?xml version="1.0" encoding="UTF-8"?>
<metadata xml:lang="en"><Esri><CreaDate>20150625</CreaDate><CreaTime>14033000</CreaTime><ArcGISFormat>1.0</ArcGISFormat><ArcGISstyle>FGDC CSDGM Metadata</ArcGISstyle><SyncOnce>TRUE</SyncOnce><ModDate>20151203</ModDate><ModTime>110349</ModTime></Esri><dataIdInfo><idCitation><resTitle>2. Set Attractor Weights</resTitle></idCitation></dataIdInfo><distInfo><distributor><distorFormat><formatName>ArcToolbox Tool</formatName></distorFormat></distributor></distInfo><tool name="SetAttractorWeights" displayname="2. Set Attractor Weights" toolboxalias=""><parameters><param name="UPGDB" displayname="UPlan geodatabase" type="Required" direction="Input" datatype="Workspace" expression="UPGDB"/><param name="TimeStep" displayname="Select Time Step" type="Required" direction="Input" datatype="String" expression="Select your UPlan Geodatabase"/><param name="LandUse" displayname="Select Land Use" type="Required" direction="Input" datatype="String" expression="Select your UPlan Geodatabase"/><param name="Attractor" displayname="Set Attraction Layer" type="Required" direction="Input" datatype="String" expression="Select your UPlan Geodatabase and TimeStep"/><param name="Attraction Weights" displayname="Set Attraction Weights" type="Required" direction="Input" datatype="Value Table" expression="Distance {Weight};Distance {Weight}..."/></parameters></tool></metadata>
