<?xml version="1.0" encoding="UTF-8"?>
<metadata xml:lang="en"><Esri><CreaDate>20150929</CreaDate><CreaTime>10082300</CreaTime><ArcGISFormat>1.0</ArcGISFormat><ArcGISstyle>FGDC CSDGM Metadata</ArcGISstyle><SyncOnce>TRUE</SyncOnce><ModDate>20151204</ModDate><ModTime>151607</ModTime></Esri><dataIdInfo><idCitation><resTitle>4. Set SubArea Percentages</resTitle></idCitation></dataIdInfo><distInfo><distributor><distorFormat><formatName>ArcToolbox Tool</formatName></distorFormat></distributor></distInfo><tool name="SetSubAreaPercentages" displayname="4. Set SubArea Percentages" toolboxalias=""><parameters><param name="UPGDB" displayname="UPlan geodatabase" type="Required" direction="Input" datatype="Workspace" expression="UPGDB"/><param name="TSCode" displayname="Timestep" type="Required" direction="Input" datatype="String" expression="TSCode"/><param name="SADist" displayname="Set SubArea Distributions" type="Required" direction="Input" datatype="Value Table" expression="SubArea {Percent of Total Residentail} {Percent of Total Employment};SubArea {Percent of Total Residentail} {Percent of Total Employment}..."/></parameters></tool></metadata>
