<?xml version="1.0" encoding="UTF-8"?>
<metadata xml:lang="en"><Esri><CreaDate>20150625</CreaDate><CreaTime>15025900</CreaTime><ArcGISFormat>1.0</ArcGISFormat><ArcGISstyle>FGDC CSDGM Metadata</ArcGISstyle><SyncOnce>TRUE</SyncOnce><ModDate>20151203</ModDate><ModTime>110350</ModTime></Esri><dataIdInfo><idCitation><resTitle>6. Set General Plan Settings</resTitle></idCitation></dataIdInfo><distInfo><distributor><distorFormat><formatName>ArcToolbox Tool</formatName></distorFormat></distributor></distInfo><tool name="SetGeneralPlanSettings" displayname="6. Set General Plan Settings" toolboxalias=""><parameters><param name="UPGDB" displayname="UPlan geodatabase" type="Required" direction="Input" datatype="Workspace" expression="UPGDB"/><param name="TimeStep" displayname="Select Time Step" type="Required" direction="Input" datatype="String" expression="Select your UPlan Geodatabase"/><param name="LUCode" displayname="Select a Land Use Code" type="Required" direction="Input" datatype="String" expression="LUCode"/><param name="General Plan Availability" displayname="General Plan Category Availability" type="Required" direction="Input" datatype="Value Table" expression="General Plan Category {Availability (Yes/No)};General Plan Category {Availability (Yes/No)}..."/></parameters></tool></metadata>
