<?xml version="1.0" encoding="UTF-8"?>
<metadata xml:lang="en"><Esri><CreaDate>20150624</CreaDate><CreaTime>16330600</CreaTime><ArcGISFormat>1.0</ArcGISFormat><SyncOnce>TRUE</SyncOnce><ModDate>20151203</ModDate><ModTime>110347</ModTime></Esri><dataIdInfo><idCitation><resTitle>3. Set Constraint Layers</resTitle></idCitation></dataIdInfo><distInfo><distributor><distorFormat><formatName>ArcToolbox Tool</formatName></distorFormat></distributor></distInfo><tool name="SetConstraints" displayname="3. Set Constraint Layers" toolboxalias=""><parameters><param name="UPGDB" displayname="UPlan geodatabase" type="Required" direction="Input" datatype="Workspace" expression="UPGDB"/><param name="TimeStep" displayname="Select Time Step" type="Required" direction="Input" datatype="String" expression="Select your UPlan Geodatabase"/><param name="Constraint Availability" displayname="Set Constraint Availability" type="Required" direction="Input" datatype="Value Table" expression="Layer {Description} {Availability (Yes/No)};Layer {Description} {Availability (Yes/No)}..."/></parameters></tool></metadata>
