<?xml version="1.0" encoding="UTF-8"?>
<metadata xml:lang="en"><Esri><CreaDate>20150625</CreaDate><CreaTime>14033000</CreaTime><ArcGISFormat>1.0</ArcGISFormat><ArcGISstyle>FGDC CSDGM Metadata</ArcGISstyle><SyncOnce>TRUE</SyncOnce><ModDate>20151203</ModDate><ModTime>110347</ModTime></Esri><dataIdInfo><idCitation><resTitle>6. Set Land Use Priority</resTitle></idCitation></dataIdInfo><distInfo><distributor><distorFormat><formatName>ArcToolbox Tool</formatName></distorFormat></distributor></distInfo><tool name="SetLandUsePriority" displayname="6. Set Land Use Priority" toolboxalias=""><parameters><param name="UPGDB" displayname="UPlan geodatabase" type="Required" direction="Input" datatype="Workspace" expression="UPGDB"/><param name="Constraints" displayname="Set Land Use Priority" type="Required" direction="Input" datatype="Value Table" expression="Land Use;Land Use..."/></parameters></tool></metadata>
