<?xml version="1.0" encoding="UTF-8"?>
<metadata xml:lang="en"><Esri><CreaDate>20150929</CreaDate><CreaTime>09535700</CreaTime><ArcGISFormat>1.0</ArcGISFormat><ArcGISstyle>FGDC CSDGM Metadata</ArcGISstyle><SyncOnce>TRUE</SyncOnce><ModDate>20151204</ModDate><ModTime>151609</ModTime></Esri><dataIdInfo><idCitation><resTitle>1. Set Demographics</resTitle></idCitation></dataIdInfo><distInfo><distributor><distorFormat><formatName>ArcToolbox Tool</formatName></distorFormat></distributor></distInfo><tool name="SetDemographics" displayname="1. Set Demographics" toolboxalias=""><parameters><param name="UPGDB" displayname="UPlan geodatabase" type="Required" direction="Input" datatype="Workspace" expression="UPGDB"/><param name="TSCode" displayname="Timestep" type="Required" direction="Input" datatype="String" expression="TSCode"/><param name="base_pop" displayname="Base Population" type="Required" direction="Input" datatype="Long" expression="base_pop"/><param name="future_pop" displayname="Future Population" type="Required" direction="Input" datatype="Long" expression="future_pop"/><param name="pphh" displayname="Persons Per Household" type="Required" direction="Input" datatype="Double" expression="pphh"/><param name="ephh" displayname="Employees Per Household" type="Required" direction="Input" datatype="Double" expression="ephh"/></parameters></tool></metadata>
