<?xml version="1.0" encoding="UTF-8"?>
<metadata xml:lang="en"><Esri><CreaDate>20150624</CreaDate><CreaTime>16330500</CreaTime><ArcGISFormat>1.0</ArcGISFormat><SyncOnce>TRUE</SyncOnce><ModDate>20151210</ModDate><ModTime>113053</ModTime></Esri><dataIdInfo><idCitation><resTitle>4. Add Land Use</resTitle></idCitation></dataIdInfo><distInfo><distributor><distorFormat><formatName>ArcToolbox Tool</formatName></distorFormat></distributor></distInfo><tool name="AddLandUse" displayname="4. Add Land Use" toolboxalias=""><parameters><param name="UPGDB" displayname="UPlan geodatabase" type="Required" direction="Input" datatype="Workspace" expression="UPGDB"/><param name="LUShortName" displayname="Land Use Short Name" type="Required" direction="Input" datatype="String" expression="LUShortName"/><param name="LULongName" displayname="Land Use Long Name" type="Required" direction="Input" datatype="String" expression="LULongName"/><param name="LUType" displayname="Land Use Type" type="Required" direction="Input" datatype="String" expression="Residential | Employment"/><param name="LUAlloc" displayname="Allocation Mode" type="Required" direction="Input" datatype="String" expression="Normal | Random"/></parameters></tool></metadata>
