<?xml version="1.0" encoding="UTF-8"?>
<metadata xml:lang="en"><Esri><CreaDate>20150624</CreaDate><CreaTime>16330600</CreaTime><ArcGISFormat>1.0</ArcGISFormat><SyncOnce>TRUE</SyncOnce><ModDate>20151203</ModDate><ModTime>110351</ModTime></Esri><dataIdInfo><idCitation><resTitle>4. Precalculate Attractor Weights</resTitle></idCitation></dataIdInfo><distInfo><distributor><distorFormat><formatName>ArcToolbox Tool</formatName></distorFormat></distributor></distInfo><tool name="PreCalcWeights" displayname="4. Precalculate Attractor Weights" toolboxalias=""><parameters><param name="UPGDB" displayname="UPlan geodatabase" type="Required" direction="Input" datatype="Workspace" expression="UPGDB"/><param name="SaveDisaggWts" displayname="Save Disaggregate Weights (True/False)" type="Required" direction="Input" datatype="Boolean" expression="SaveDisaggWts"/></parameters></tool></metadata>
