<?xml version="1.0" encoding="UTF-8"?>
<metadata xml:lang="en"><Esri><CreaDate>20150929</CreaDate><CreaTime>10082300</CreaTime><ArcGISFormat>1.0</ArcGISFormat><ArcGISstyle>FGDC CSDGM Metadata</ArcGISstyle><SyncOnce>TRUE</SyncOnce><ModDate>20151204</ModDate><ModTime>151607</ModTime></Esri><dataIdInfo><idCitation><resTitle>3. Set Space Requirements - Employment</resTitle></idCitation></dataIdInfo><distInfo><distributor><distorFormat><formatName>ArcToolbox Tool</formatName></distorFormat></distributor></distInfo><tool name="SetSpaceReq4Emp" displayname="3. Set Space Requirements - Employment" toolboxalias=""><parameters><param name="UPGDB" displayname="UPlan geodatabase" type="Required" direction="Input" datatype="Workspace" expression="UPGDB"/><param name="TSCode" displayname="Timestep" type="Required" direction="Input" datatype="String" expression="TSCode"/><param name="ResSpaceReq" displayname="Set Space Requirements for each LandUse" type="Required" direction="Input" datatype="Value Table" expression="LandUse Code {Square Feet Per Employee} {FAR} {% Other Space};LandUse Code {Square Feet Per Employee} {FAR} {% Other Space}..."/></parameters></tool></metadata>
