<?xml version="1.0" encoding="UTF-8"?>
<metadata xml:lang="en"><Esri><CreaDate>20150625</CreaDate><CreaTime>15025900</CreaTime><ArcGISFormat>1.0</ArcGISFormat><ArcGISstyle>FGDC CSDGM Metadata</ArcGISstyle><SyncOnce>TRUE</SyncOnce><ModDate>20151203</ModDate><ModTime>110349</ModTime></Esri><dataIdInfo><idCitation><resTitle>5. Update General Plan</resTitle></idCitation></dataIdInfo><distInfo><distributor><distorFormat><formatName>ArcToolbox Tool</formatName></distorFormat></distributor></distInfo><tool name="SetGeneralPlan" displayname="5. Update General Plan" toolboxalias=""><parameters><param name="UPGDB" displayname="UPlan geodatabase" type="Required" direction="Input" datatype="Workspace" expression="UPGDB"/><param name="TimeStep" displayname="Select Time Step" type="Required" direction="Input" datatype="String" expression="Select your UPlan Geodatabase"/><param name="General Plan" displayname="Select General Plan" type="Required" direction="Input" datatype="String" expression="Select your General Plan layer"/><param name="General Plan Field" displayname="Select General Plan Field" type="Required" direction="Input" datatype="String" expression="General Plan Field"/></parameters></tool></metadata>
