<?xml version="1.0" encoding="UTF-8"?>
<metadata xml:lang="en"><Esri><CreaDate>20150624</CreaDate><CreaTime>16330600</CreaTime><ArcGISFormat>1.0</ArcGISFormat><SyncOnce>TRUE</SyncOnce><ModDate>20151204</ModDate><ModTime>151605</ModTime></Esri><dataIdInfo><idCitation><resTitle>2. Precalculate General Plans</resTitle></idCitation></dataIdInfo><distInfo><distributor><distorFormat><formatName>ArcToolbox Tool</formatName></distorFormat></distributor></distInfo><tool name="PreCalcGeneralPlans" displayname="2. Precalculate General Plans" toolboxalias=""><parameters><param name="UPGDB" displayname="UPlan geodatabase" type="Required" direction="Input" datatype="Workspace" expression="UPGDB"/></parameters></tool></metadata>
