<?xml version="1.0" encoding="UTF-8"?>
<metadata xml:lang="en"><Esri><CreaDate>20150625</CreaDate><CreaTime>14152300</CreaTime><ArcGISFormat>1.0</ArcGISFormat><ArcGISstyle>FGDC CSDGM Metadata</ArcGISstyle><SyncOnce>TRUE</SyncOnce><ModDate>20151210</ModDate><ModTime>113052</ModTime></Esri><dataIdInfo><idCitation><resTitle>2. Import Base Geometry Layer</resTitle></idCitation></dataIdInfo><distInfo><distributor><distorFormat><formatName>ArcToolbox Tool</formatName></distorFormat></distributor></distInfo><tool name="ImportBaseGeometry" displayname="2. Import Base Geometry Layer" toolboxalias=""><parameters><param name="up_gdb" displayname="UPlan File Geodatabase" type="Required" direction="Input" datatype="Workspace" expression="up_gdb"/><param name="geom_layer" displayname="Base Geometry Layer" type="Required" direction="Input" datatype="Feature Layer" expression="geom_layer"/><param name="desc_name" displayname="Base Geometry Descriptive Name" type="Required" direction="Input" datatype="String" expression="desc_name"/></parameters></tool></metadata>
