<?xml version="1.0" encoding="UTF-8"?>
<metadata xml:lang="en"><Esri><CreaDate>20150625</CreaDate><CreaTime>14033000</CreaTime><ArcGISFormat>1.0</ArcGISFormat><ArcGISstyle>FGDC CSDGM Metadata</ArcGISstyle><SyncOnce>TRUE</SyncOnce><ModDate>20151203</ModDate><ModTime>110348</ModTime></Esri><dataIdInfo><idCitation><resTitle>4. Set Constraint Weights</resTitle></idCitation></dataIdInfo><distInfo><distributor><distorFormat><formatName>ArcToolbox Tool</formatName></distorFormat></distributor></distInfo><tool name="SetConstraintWeights" displayname="4. Set Constraint Weights" toolboxalias=""><parameters><param name="UPGDB" displayname="UPlan geodatabase" type="Required" direction="Input" datatype="Workspace" expression="UPGDB"/><param name="TimeStep" displayname="Select Time Step" type="Required" direction="Input" datatype="String" expression="Select your UPlan Geodatabase"/><param name="LandUse" displayname="Select Land Use" type="Required" direction="Input" datatype="String" expression="Select your UPlan Geodatabase"/><param name="Constraints" displayname="Set Constraint Weights" type="Required" direction="Input" datatype="Value Table" expression="Constraint {Weight};Constraint {Weight}..."/></parameters></tool></metadata>
