<?xml version="1.0" encoding="UTF-8"?>
<metadata xml:lang="en"><Esri><CreaDate>20150625</CreaDate><CreaTime>15025900</CreaTime><ArcGISFormat>1.0</ArcGISFormat><ArcGISstyle>FGDC CSDGM Metadata</ArcGISstyle><SyncOnce>TRUE</SyncOnce><ModDate>20151203</ModDate><ModTime>110350</ModTime></Esri><dataIdInfo><idCitation><resTitle>7. Edit Mixed Use Combinations</resTitle></idCitation></dataIdInfo><distInfo><distributor><distorFormat><formatName>ArcToolbox Tool</formatName></distorFormat></distributor></distInfo><tool name="SetMixedUse" displayname="7. Edit Mixed Use Combinations" toolboxalias=""><parameters><param name="UPGDB" displayname="UPlan geodatabase" type="Required" direction="Input" datatype="Workspace" expression="UPGDB"/><param name="TimeStep" displayname="Select Time Step" type="Required" direction="Input" datatype="String" expression="Select your UPlan Geodatabase"/><param name="GPCat" displayname="Select a General Plan Category" type="Required" direction="Input" datatype="String" expression="GPCat"/><param name="ExistingMUCombo" displayname="Select a Mixed Use Combination to Edit" type="Required" direction="Input" datatype="String" expression="ExistingMUCombo"/><param name="MixedUseLUCodes" displayname="Land Use Codes Allowed for Mixed Use Category" type="Required" direction="Input" datatype="Value Table" expression="Land Use Name {Availability (Yes/No)};Land Use Name {Availability (Yes/No)}..."/></parameters></tool></metadata>
