<?xml version="1.0" encoding="UTF-8"?>
<metadata xml:lang="en"><Esri><CreaDate>20150815</CreaDate><CreaTime>14435000</CreaTime><ArcGISFormat>1.0</ArcGISFormat><ArcGISstyle>FGDC CSDGM Metadata</ArcGISstyle><SyncOnce>TRUE</SyncOnce><ModDate>20151210</ModDate><ModTime>113054</ModTime></Esri><dataIdInfo><idCitation><resTitle>2. Add A Timestep</resTitle></idCitation></dataIdInfo><distInfo><distributor><distorFormat><formatName>ArcToolbox Tool</formatName></distorFormat></distributor></distInfo><tool name="AddTimeStep" displayname="2. Add A Timestep" toolboxalias=""><parameters><param name="UPGDB" displayname="UPlan geodatabase" type="Required" direction="Input" datatype="Workspace" expression="UPGDB"/><param name="TSLongName" displayname="Time Step Long Name" type="Required" direction="Input" datatype="String" expression="TSLongName"/><param name="TSShortName" displayname="Time Step Short Name" type="Required" direction="Input" datatype="String" expression="TSShortName"/><param name="TSPosition" displayname="Time Step Position" type="Required" direction="Input" datatype="Long" expression="TSPosition"/><param name="GPLayer" displayname="General Plan for this timestep" type="Required" direction="Input" datatype="String" expression="GPLayer"/><param name="GPField" displayname="Field in General Plan Layer that contains the categories" type="Required" direction="Input" datatype="String" expression="GPField"/></parameters></tool></metadata>
