<?xml version="1.0" encoding="UTF-8"?>
<metadata xml:lang="en"><Esri><CreaDate>20150624</CreaDate><CreaTime>16330600</CreaTime><ArcGISFormat>1.0</ArcGISFormat><SyncOnce>TRUE</SyncOnce><ModDate>20151203</ModDate><ModTime>110347</ModTime></Esri><dataIdInfo><idCitation><resTitle>5. Remove Land Use</resTitle></idCitation></dataIdInfo><distInfo><distributor><distorFormat><formatName>ArcToolbox Tool</formatName></distorFormat></distributor></distInfo><tool name="RemoveLandUse" displayname="5. Remove Land Use" toolboxalias=""><parameters><param name="UPGDB" displayname="UPlan geodatabase" type="Required" direction="Input" datatype="Workspace" expression="UPGDB"/><param name="LUShortName" displayname="Land Use Short Name" type="Required" direction="Input" datatype="String" expression="LUShortName"/></parameters></tool></metadata>
