<?xml version="1.0" encoding="UTF-8"?>
<metadata xml:lang="en"><Esri><CreaDate>20150625</CreaDate><CreaTime>14152300</CreaTime><ArcGISFormat>1.0</ArcGISFormat><ArcGISstyle>FGDC CSDGM Metadata</ArcGISstyle><SyncOnce>TRUE</SyncOnce><ModDate>20151203</ModDate><ModTime>110345</ModTime></Esri><dataIdInfo><idCitation><resTitle>1. Create UPlan Geodatabase</resTitle></idCitation></dataIdInfo><distInfo><distributor><distorFormat><formatName>ArcToolbox Tool</formatName></distorFormat></distributor></distInfo><tool name="CreateUPlanGDB" displayname="1. Create UPlan Geodatabase" toolboxalias=""><parameters><param name="uplan_gdb_folder" displayname="Location for UPlan GDB" type="Required" direction="Input" datatype="Folder" expression="uplan_gdb_folder"/><param name="uplan_gdb_name" displayname="Name for UPlan GDB" type="Required" direction="Input" datatype="String" expression="uplan_gdb_name"/></parameters></tool></metadata>
