<?xml version="1.0" encoding="UTF-8"?>
<metadata xml:lang="en"><Esri><CreaDate>20150929</CreaDate><CreaTime>10082300</CreaTime><ArcGISFormat>1.0</ArcGISFormat><ArcGISstyle>FGDC CSDGM Metadata</ArcGISstyle><SyncOnce>TRUE</SyncOnce><ModDate>20151204</ModDate><ModTime>151606</ModTime></Esri><dataIdInfo><idCitation><resTitle>5. Set Housing Density Distribution</resTitle></idCitation></dataIdInfo><distInfo><distributor><distorFormat><formatName>ArcToolbox Tool</formatName></distorFormat></distributor></distInfo><tool name="SetHousingDensity" displayname="5. Set Housing Density Distribution" toolboxalias=""><parameters><param name="UPGDB" displayname="UPlan geodatabase" type="Required" direction="Input" datatype="Workspace" expression="UPGDB"/><param name="TSCode" displayname="Timestep" type="Required" direction="Input" datatype="String" expression="TSCode"/><param name="LUDist" displayname="Set Percentages for each LandUse" type="Required" direction="Input" datatype="Value Table" expression="SubArea Code {LandUse Code} {Percent of Households};SubArea Code {LandUse Code} {Percent of Households}..."/></parameters></tool></metadata>
