<?xml version="1.0" encoding="UTF-8"?>
<metadata xml:lang="en"><Esri><CreaDate>20150625</CreaDate><CreaTime>14152300</CreaTime><ArcGISFormat>1.0</ArcGISFormat><ArcGISstyle>FGDC CSDGM Metadata</ArcGISstyle><SyncOnce>TRUE</SyncOnce><ModDate>20151203</ModDate><ModTime>110346</ModTime></Esri><dataIdInfo><idCitation><resTitle>4. Import Attractor Layer</resTitle></idCitation></dataIdInfo><distInfo><distributor><distorFormat><formatName>ArcToolbox Tool</formatName></distorFormat></distributor></distInfo><tool name="ImportAttractor" displayname="4. Import Attractor Layer" toolboxalias=""><parameters><param name="up_gdb" displayname="UPlan File Geodatabase" type="Required" direction="Input" datatype="Workspace" expression="up_gdb"/><param name="attractor_layer" displayname="Attractor Layer" type="Required" direction="Input" datatype="Feature Layer" expression="attractor_layer"/><param name="desc_name" displayname="Attractor Layer Long Name" type="Required" direction="Input" datatype="String" expression="desc_name"/></parameters></tool></metadata>
