<?xml version="1.0" encoding="UTF-8"?>
<metadata xml:lang="en"><Esri><CreaDate>20150625</CreaDate><CreaTime>14033000</CreaTime><ArcGISFormat>1.0</ArcGISFormat><ArcGISstyle>FGDC CSDGM Metadata</ArcGISstyle><SyncOnce>TRUE</SyncOnce><ModDate>20151203</ModDate><ModTime>110350</ModTime></Esri><dataIdInfo><idCitation><resTitle>0. Run All Precalculations</resTitle></idCitation></dataIdInfo><distInfo><distributor><distorFormat><formatName>ArcToolbox Tool</formatName></distorFormat></distributor></distInfo><tool name="PreCalcAll" displayname="0. Run All Precalculations" toolboxalias=""><parameters><param name="UPGDB" displayname="UPlan geodatabase" type="Required" direction="Input" datatype="Workspace" expression="UPGDB"/><param name="SaveDisaggWts" displayname="Save Disaggregate Weights (True/False)" type="Required" direction="Input" datatype="Boolean" expression="SaveDisaggWts"/></parameters></tool></metadata>
