<?xml version="1.0" encoding="UTF-8"?>
<metadata xml:lang="en"><Esri><CreaDate>20150625</CreaDate><CreaTime>14152300</CreaTime><ArcGISFormat>1.0</ArcGISFormat><ArcGISstyle>FGDC CSDGM Metadata</ArcGISstyle><SyncOnce>TRUE</SyncOnce><ModDate>20151203</ModDate><ModTime>110346</ModTime></Esri><dataIdInfo><idCitation><resTitle>6. Import SubArea Layer</resTitle></idCitation></dataIdInfo><distInfo><distributor><distorFormat><formatName>ArcToolbox Tool</formatName></distorFormat></distributor></distInfo><tool name="ImportSALayer" displayname="6. Import SubArea Layer" toolboxalias=""><parameters><param name="up_gdb" displayname="UPlan File Geodatabase" type="Required" direction="Input" datatype="Workspace" expression="up_gdb"/><param name="subarea_layer" displayname="SubArea Layer" type="Required" direction="Input" datatype="Feature Layer" expression="subarea_layer"/><param name="desc_name" displayname="SubArea Layer Descriptive Name" type="Required" direction="Input" datatype="String" expression="desc_name"/><param name="sa_id_field" displayname="Field within the layer that contains the SubArea codes (or IDs)" type="Required" direction="Input" datatype="Field" expression="sa_id_field"/><param name="sa_name_field" displayname="Field within the layer that contains the SubArea descriptions (or Names)" type="Required" direction="Input" datatype="Field" expression="sa_name_field"/><param name="search_length" displayname="Maximum distance between centroids and edge of SubArea" type="Required" direction="Input" datatype="Long" expression="search_length"/></parameters></tool></metadata>
