<?xml version="1.0" encoding="UTF-8"?>
<metadata xml:lang="en"><Esri><CreaDate>20150625</CreaDate><CreaTime>14152300</CreaTime><ArcGISFormat>1.0</ArcGISFormat><ArcGISstyle>FGDC CSDGM Metadata</ArcGISstyle><SyncOnce>TRUE</SyncOnce><ModDate>20151203</ModDate><ModTime>110346</ModTime></Esri><dataIdInfo><idCitation><resTitle>5. Import General Plan Layer</resTitle></idCitation></dataIdInfo><distInfo><distributor><distorFormat><formatName>ArcToolbox Tool</formatName></distorFormat></distributor></distInfo><tool name="ImportGeneralPlan" displayname="5. Import General Plan Layer" toolboxalias=""><parameters><param name="up_gdb" displayname="UPlan File Geodatabase" type="Required" direction="Input" datatype="Workspace" expression="up_gdb"/><param name="gp_layer" displayname="General Plan Layer" type="Required" direction="Input" datatype="Feature Layer" expression="gp_layer"/><param name="desc_name" displayname="General Plan Layer Descriptive Name" type="Required" direction="Input" datatype="String" expression="desc_name"/></parameters></tool></metadata>
